{
  "source_dataset": "./proprecess/gkmsvm/all.csv",
  "script": "./proprecess/gkmsvm/split_dev_test.R",
  "n_rep_expected": 10,
  "n_rep_found": 10,
  "label_col": "label",
  "overall": {
    "train_n": {
      "mean": 14143.8,
      "std": 5.094659513211414,
      "min": 14133.0,
      "max": 14152.0
    },
    "train_pos_rate": {
      "mean": 0.4999929263518751,
      "std": 0.0003234778816377253,
      "min": 0.49936377774635937,
      "max": 0.5004595913172594
    },
    "val_n": {
      "mean": 3533.6,
      "std": 1.776388345929897,
      "min": 3530.0,
      "max": 3536.0
    },
    "val_pos_rate": {
      "mean": 0.49974543533229554,
      "std": 0.0007804753015422718,
      "min": 0.49886813808715336,
      "max": 0.5014164305949008
    },
    "hold_n": {
      "mean": 4417.6,
      "std": 4.005551702879948,
      "min": 4411.0,
      "max": 4426.0
    },
    "hold_pos_rate": {
      "mean": 0.5001131529462383,
      "std": 0.0005647212729205469,
      "min": 0.4993209597102761,
      "max": 0.5010192525481314
    }
  },
  "reps": [
    {
      "rep": "rep1",
      "paths": {
        "train": "../data/rep1/train.csv",
        "val": "../data/rep1/val.csv",
        "hold": "../data/rep1/hold.csv"
      },
      "stats": {
        "train": {
          "n": 14152,
          "pos_rate": 0.5000706613906162,
          "n_pos": 7077,
          "n_neg": 7075
        },
        "val": {
          "n": 3532,
          "pos_rate": 0.5,
          "n_pos": 1766,
          "n_neg": 1766
        },
        "hold": {
          "n": 4411,
          "pos_rate": 0.4996599410564498,
          "n_pos": 2204,
          "n_neg": 2207
        }
      }
    },
    {
      "rep": "rep2",
      "paths": {
        "train": "../data/rep2/train.csv",
        "val": "../data/rep2/val.csv",
        "hold": "../data/rep2/hold.csv"
      },
      "stats": {
        "train": {
          "n": 14141,
          "pos_rate": 0.5002475072484266,
          "n_pos": 7074,
          "n_neg": 7067
        },
        "val": {
          "n": 3535,
          "pos_rate": 0.4995756718528996,
          "n_pos": 1766,
          "n_neg": 1769
        },
        "hold": {
          "n": 4419,
          "pos_rate": 0.49943426114505546,
          "n_pos": 2207,
          "n_neg": 2212
        }
      }
    },
    {
      "rep": "rep3",
      "paths": {
        "train": "../data/rep3/train.csv",
        "val": "../data/rep3/val.csv",
        "hold": "../data/rep3/hold.csv"
      },
      "stats": {
        "train": {
          "n": 14144,
          "pos_rate": 0.5000707013574661,
          "n_pos": 7073,
          "n_neg": 7071
        },
        "val": {
          "n": 3535,
          "pos_rate": 0.4995756718528996,
          "n_pos": 1766,
          "n_neg": 1769
        },
        "hold": {
          "n": 4416,
          "pos_rate": 0.5,
          "n_pos": 2208,
          "n_neg": 2208
        }
      }
    },
    {
      "rep": "rep4",
      "paths": {
        "train": "../data/rep4/train.csv",
        "val": "../data/rep4/val.csv",
        "hold": "../data/rep4/hold.csv"
      },
      "stats": {
        "train": {
          "n": 14133,
          "pos_rate": 0.49975235264982665,
          "n_pos": 7063,
          "n_neg": 7070
        },
        "val": {
          "n": 3536,
          "pos_rate": 0.5005656108597285,
          "n_pos": 1770,
          "n_neg": 1766
        },
        "hold": {
          "n": 4426,
          "pos_rate": 0.500225937641211,
          "n_pos": 2214,
          "n_neg": 2212
        }
      }
    },
    {
      "rep": "rep5",
      "paths": {
        "train": "../data/rep5/train.csv",
        "val": "../data/rep5/val.csv",
        "hold": "../data/rep5/hold.csv"
      },
      "stats": {
        "train": {
          "n": 14141,
          "pos_rate": 0.49989392546496003,
          "n_pos": 7069,
          "n_neg": 7072
        },
        "val": {
          "n": 3535,
          "pos_rate": 0.4995756718528996,
          "n_pos": 1766,
          "n_neg": 1769
        },
        "hold": {
          "n": 4419,
          "pos_rate": 0.5005657388549446,
          "n_pos": 2212,
          "n_neg": 2207
        }
      }
    },
    {
      "rep": "rep6",
      "paths": {
        "train": "../data/rep6/train.csv",
        "val": "../data/rep6/val.csv",
        "hold": "../data/rep6/hold.csv"
      },
      "stats": {
        "train": {
          "n": 14148,
          "pos_rate": 0.5001413627367826,
          "n_pos": 7076,
          "n_neg": 7072
        },
        "val": {
          "n": 3533,
          "pos_rate": 0.4990093405038211,
          "n_pos": 1763,
          "n_neg": 1770
        },
        "hold": {
          "n": 4414,
          "pos_rate": 0.5002265518803806,
          "n_pos": 2208,
          "n_neg": 2206
        }
      }
    },
    {
      "rep": "rep7",
      "paths": {
        "train": "../data/rep7/train.csv",
        "val": "../data/rep7/val.csv",
        "hold": "../data/rep7/hold.csv"
      },
      "stats": {
        "train": {
          "n": 14146,
          "pos_rate": 0.49936377774635937,
          "n_pos": 7064,
          "n_neg": 7082
        },
        "val": {
          "n": 3530,
          "pos_rate": 0.5014164305949008,
          "n_pos": 1770,
          "n_neg": 1760
        },
        "hold": {
          "n": 4419,
          "pos_rate": 0.5007920343969223,
          "n_pos": 2213,
          "n_neg": 2206
        }
      }
    },
    {
      "rep": "rep8",
      "paths": {
        "train": "../data/rep8/train.csv",
        "val": "../data/rep8/val.csv",
        "hold": "../data/rep8/hold.csv"
      },
      "stats": {
        "train": {
          "n": 14143,
          "pos_rate": 0.5004595913172594,
          "n_pos": 7078,
          "n_neg": 7065
        },
        "val": {
          "n": 3534,
          "pos_rate": 0.49886813808715336,
          "n_pos": 1763,
          "n_neg": 1771
        },
        "hold": {
          "n": 4418,
          "pos_rate": 0.4993209597102761,
          "n_pos": 2206,
          "n_neg": 2212
        }
      }
    },
    {
      "rep": "rep9",
      "paths": {
        "train": "../data/rep9/train.csv",
        "val": "../data/rep9/val.csv",
        "hold": "../data/rep9/hold.csv"
      },
      "stats": {
        "train": {
          "n": 14143,
          "pos_rate": 0.5002474722477551,
          "n_pos": 7075,
          "n_neg": 7068
        },
        "val": {
          "n": 3533,
          "pos_rate": 0.4990093405038211,
          "n_pos": 1763,
          "n_neg": 1770
        },
        "hold": {
          "n": 4419,
          "pos_rate": 0.4998868522290111,
          "n_pos": 2209,
          "n_neg": 2210
        }
      }
    },
    {
      "rep": "rep10",
      "paths": {
        "train": "../data/rep10/train.csv",
        "val": "../data/rep10/val.csv",
        "hold": "../data/rep10/hold.csv"
      },
      "stats": {
        "train": {
          "n": 14147,
          "pos_rate": 0.4996819113592988,
          "n_pos": 7069,
          "n_neg": 7078
        },
        "val": {
          "n": 3533,
          "pos_rate": 0.49985847721483156,
          "n_pos": 1766,
          "n_neg": 1767
        },
        "hold": {
          "n": 4415,
          "pos_rate": 0.5010192525481314,
          "n_pos": 2212,
          "n_neg": 2203
        }
      }
    }
  ],
  "missing_or_skipped": []
}